"","Sensitivity","Specificity","Accuracy","ROC"
"svm",1,1,1,0.768696278511405
"rf",1,1,1,0.750536134453782
"nnet",0.940334128878282,0.929411764705882,0.947791164658635,0.731484273709484
